data,temperature_2m_max,temperature_2m_min,precipitation_sum,weather_code
2023-01-01,28.0,22.2,2.8,55
2023-01-02,29.4,21.0,0.0,2
2023-01-03,32.8,23.4,2.0,61
2023-01-04,32.3,23.6,14.4,63
2023-01-05,24.6,22.3,14.3,63
2023-01-06,22.8,20.9,34.3,63
2023-01-07,22.7,20.3,19.0,63
2023-01-08,24.2,20.6,3.2,55
2023-01-09,24.1,21.5,26.4,63
2023-01-10,26.8,22.5,8.5,63
2023-01-11,28.8,22.4,8.3,63
2023-01-12,31.1,24.0,7.3,63
2023-01-13,32.6,23.9,1.2,53
2023-01-14,31.8,24.8,0.0,3
2023-01-15,31.2,24.6,0.0,3
2023-01-16,29.5,23.7,0.0,3
2023-01-17,28.4,23.3,0.2,51
2023-01-18,27.6,23.8,0.2,51
2023-01-19,27.9,23.6,0.5,51
2023-01-20,27.8,22.4,10.3,63
2023-01-21,27.8,22.8,6.4,63
2023-01-22,28.9,22.4,0.0,3
2023-01-23,31.3,24.0,6.3,61
2023-01-24,26.8,22.8,13.4,63
2023-01-25,26.9,22.3,1.0,51
2023-01-26,26.8,22.0,0.3,51
2023-01-27,27.8,23.2,0.3,51
2023-01-28,29.6,23.9,5.2,61
2023-01-29,31.6,24.2,0.4,51
2023-01-30,30.5,24.9,11.3,63
2023-01-31,31.2,24.6,0.0,3
2023-02-01,29.0,24.2,3.2,55
2023-02-02,31.8,24.2,2.5,61
2023-02-03,32.6,25.1,1.6,53
2023-02-04,31.5,25.6,0.0,3
2023-02-05,32.2,24.8,0.0,3
2023-02-06,29.9,24.7,1.2,55
2023-02-07,28.3,23.6,13.4,63
2023-02-08,27.0,22.4,9.7,61
2023-02-09,27.8,21.8,0.0,3
2023-02-10,29.8,23.3,0.3,51
2023-02-11,29.3,23.6,16.2,63
2023-02-12,29.1,23.5,10.2,63
2023-02-13,28.8,23.9,9.3,63
2023-02-14,31.5,24.2,2.2,61
2023-02-15,34.1,24.7,8.6,63
2023-02-16,32.8,24.3,13.7,63
2023-02-17,31.9,26.5,0.0,3
2023-02-18,30.0,24.1,12.3,63
2023-02-19,28.1,23.6,4.4,63
2023-02-20,28.0,22.2,0.1,51
2023-02-21,31.8,23.7,11.4,63
2023-02-22,28.9,22.9,1.3,53
2023-02-23,28.8,23.7,0.0,3
2023-02-24,29.4,23.9,0.0,3
2023-02-25,32.1,23.9,0.0,3
2023-02-26,34.2,24.7,0.0,3
2023-02-27,29.0,25.2,1.5,53
2023-02-28,28.5,23.5,5.6,61
2023-03-01,27.6,22.5,0.5,53
2023-03-02,30.2,23.0,0.0,3
2023-03-03,29.8,24.2,0.0,3
2023-03-04,32.5,25.2,0.2,51
2023-03-05,32.8,25.3,1.1,55
2023-03-06,28.7,25.4,1.7,55
2023-03-07,31.2,24.5,0.0,3
2023-03-08,30.0,25.4,0.0,3
2023-03-09,31.5,24.2,0.0,3
2023-03-10,30.4,24.0,0.0,3
2023-03-11,28.5,23.5,31.4,65
2023-03-12,28.4,23.8,13.3,61
2023-03-13,27.4,23.9,1.6,53
2023-03-14,27.8,22.4,0.1,51
2023-03-15,27.1,22.8,0.4,51
2023-03-16,27.1,22.2,0.2,51
2023-03-17,26.8,22.0,0.4,51
2023-03-18,26.9,22.2,0.3,51
2023-03-19,27.9,23.1,0.0,3
2023-03-20,29.8,22.9,0.0,1
2023-03-21,28.6,24.1,0.2,51
2023-03-22,27.8,23.2,0.0,1
2023-03-23,27.2,22.5,0.4,51
2023-03-24,29.5,22.4,0.0,3
2023-03-25,28.3,23.9,0.4,51
2023-03-26,33.4,23.5,0.0,3
2023-03-27,27.2,23.9,3.2,55
2023-03-28,27.2,23.4,0.4,51
2023-03-29,28.9,23.3,0.0,3
2023-03-30,30.3,24.4,15.6,65
2023-03-31,30.7,23.8,0.8,53
2023-04-01,28.7,23.0,2.5,53
2023-04-02,26.5,22.4,3.1,55
2023-04-03,26.8,20.9,0.0,3
2023-04-04,27.1,21.5,0.0,0
2023-04-05,27.2,21.2,1.1,53
2023-04-06,26.1,21.3,0.4,51
2023-04-07,26.3,22.0,6.8,61
2023-04-08,25.7,23.0,5.2,61
2023-04-09,25.6,22.4,5.1,53
2023-04-10,25.5,19.8,0.0,2
2023-04-11,25.9,19.1,0.0,3
2023-04-12,27.5,20.9,0.0,3
2023-04-13,29.6,21.5,0.0,1
2023-04-14,28.7,22.3,2.6,61
2023-04-15,28.3,22.7,7.4,61
2023-04-16,25.9,21.6,1.5,51
2023-04-17,29.8,21.6,0.0,3
2023-04-18,28.2,23.5,1.4,55
2023-04-19,26.2,23.4,10.5,63
2023-04-20,24.9,21.6,2.0,55
2023-04-21,24.3,19.8,0.5,51
2023-04-22,25.3,18.5,0.4,51
2023-04-23,25.0,20.0,0.3,51
2023-04-24,25.0,19.0,0.4,51
2023-04-25,26.4,18.8,0.0,0
2023-04-26,28.2,20.2,6.8,63
2023-04-27,27.8,21.7,2.0,61
2023-04-28,23.3,21.6,9.3,61
2023-04-29,24.9,20.4,2.7,55
2023-04-30,25.0,19.3,8.2,63
2023-05-01,26.0,19.9,0.0,3
2023-05-02,25.5,20.1,0.0,0
2023-05-03,25.8,20.3,0.0,3
2023-05-04,26.4,19.9,0.0,3
2023-05-05,26.2,20.4,0.0,3
2023-05-06,26.1,20.8,0.0,3
2023-05-07,26.2,21.5,0.3,51
2023-05-08,26.7,21.9,0.0,1
2023-05-09,27.6,20.6,0.4,51
2023-05-10,23.4,21.6,21.9,63
2023-05-11,23.1,20.6,2.5,53
2023-05-12,23.0,19.6,4.3,61
2023-05-13,21.6,18.3,7.7,63
2023-05-14,23.3,17.1,0.1,51
2023-05-15,24.4,18.7,0.5,51
2023-05-16,25.4,18.3,0.0,3
2023-05-17,23.6,19.6,3.1,53
2023-05-18,23.4,18.1,0.4,51
2023-05-19,23.3,17.4,0.0,3
2023-05-20,23.4,16.6,0.0,0
2023-05-21,24.3,18.3,0.0,3
2023-05-22,24.6,17.9,0.0,3
2023-05-23,24.9,19.6,0.0,3
2023-05-24,25.8,19.1,0.0,3
2023-05-25,25.0,19.0,0.0,0
2023-05-26,25.7,19.5,0.0,3
2023-05-27,26.2,17.6,0.0,2
2023-05-28,26.5,19.0,0.1,51
2023-05-29,22.7,20.7,11.8,63
2023-05-30,23.0,20.3,0.0,3
2023-05-31,21.8,19.7,10.2,63
2023-06-01,23.0,20.2,5.8,55
2023-06-02,22.4,18.4,3.8,53
2023-06-03,23.7,17.5,0.0,3
2023-06-04,23.6,17.6,0.0,1
2023-06-05,24.6,16.4,0.0,0
2023-06-06,23.4,17.9,1.6,53
2023-06-07,23.5,17.1,0.0,3
2023-06-08,24.6,17.7,0.0,0
2023-06-09,26.3,18.6,0.0,0
2023-06-10,28.7,18.9,0.0,0
2023-06-11,29.6,19.9,0.0,0
2023-06-12,25.5,20.8,0.0,2
2023-06-13,24.1,20.2,3.1,53
2023-06-14,24.6,19.4,0.6,51
2023-06-15,24.9,20.8,0.3,51
2023-06-16,26.1,20.9,0.1,51
2023-06-17,22.4,19.9,4.0,55
2023-06-18,22.0,18.5,1.1,53
2023-06-19,21.1,18.0,3.4,53
2023-06-20,22.7,16.8,0.0,0
2023-06-21,23.7,17.1,0.0,3
2023-06-22,24.8,17.0,0.0,3
2023-06-23,26.0,17.9,0.0,3
2023-06-24,27.3,18.5,0.0,3
2023-06-25,27.0,18.2,0.0,3
2023-06-26,27.6,16.6,0.0,0
2023-06-27,29.4,18.9,0.0,0
2023-06-28,28.8,19.5,0.0,1
2023-06-29,25.2,19.4,3.3,55
2023-06-30,22.8,18.2,1.0,51
2023-07-01,25.2,18.4,0.1,51
2023-07-02,23.1,19.2,1.6,53
2023-07-03,22.4,18.0,4.5,53
2023-07-04,21.9,16.6,0.2,51
2023-07-05,23.8,16.3,0.0,0
2023-07-06,25.7,16.6,0.0,0
2023-07-07,27.4,17.1,0.0,3
2023-07-08,30.0,17.3,0.0,3
2023-07-09,25.7,19.5,0.8,51
2023-07-10,26.3,18.6,0.0,3
2023-07-11,29.0,20.1,0.0,3
2023-07-12,26.9,20.1,0.0,3
2023-07-13,35.0,22.5,0.0,3
2023-07-14,22.7,18.0,3.6,55
2023-07-15,22.4,16.5,0.4,51
2023-07-16,26.4,16.9,0.0,0
2023-07-17,23.5,17.8,0.0,3
2023-07-18,23.5,18.4,2.1,53
2023-07-19,22.3,18.9,13.2,63
2023-07-20,20.7,18.2,6.4,61
2023-07-21,24.1,17.5,0.0,2
2023-07-22,24.6,18.0,0.0,1
2023-07-23,25.7,16.8,0.0,1
2023-07-24,26.4,18.6,0.0,0
2023-07-25,27.5,18.6,0.0,2
2023-07-26,26.8,19.3,0.0,3
2023-07-27,28.9,20.0,0.0,0
2023-07-28,26.1,20.1,0.3,51
2023-07-29,20.9,19.2,21.9,63
2023-07-30,21.4,18.2,0.7,51
2023-07-31,23.0,17.3,0.0,3
2023-08-01,24.3,17.9,0.0,1
2023-08-02,24.3,17.0,0.0,2
2023-08-03,28.5,16.9,0.0,1
2023-08-04,24.0,18.8,0.4,51
2023-08-05,25.3,18.1,0.0,3
2023-08-06,25.3,18.5,0.0,3
2023-08-07,32.3,19.8,0.0,0
2023-08-08,23.1,20.2,4.5,53
2023-08-09,24.0,20.0,0.9,51
2023-08-10,26.2,19.3,0.0,1
2023-08-11,30.4,20.3,0.0,0
2023-08-12,31.3,20.1,0.0,3
2023-08-13,23.9,20.1,9.6,61
2023-08-14,21.9,19.8,6.1,63
2023-08-15,24.2,20.0,0.1,51
2023-08-16,25.1,19.9,0.0,3
2023-08-17,26.6,19.5,0.7,51
2023-08-18,31.1,20.2,0.0,0
2023-08-19,30.2,21.0,0.1,51
2023-08-20,24.5,19.9,18.4,65
2023-08-21,29.3,18.4,0.0,3
2023-08-22,28.8,19.8,0.0,1
2023-08-23,34.3,20.8,0.0,3
2023-08-24,37.1,23.0,0.0,2
2023-08-25,25.8,22.0,1.5,53
2023-08-26,21.8,17.9,19.1,61
2023-08-27,18.3,16.7,37.3,63
2023-08-28,18.3,16.8,9.8,63
2023-08-29,22.0,18.1,4.0,55
2023-08-30,24.4,19.4,1.0,53
2023-08-31,23.3,16.7,0.0,3
2023-09-01,24.1,17.7,0.0,3
2023-09-02,28.3,19.2,0.0,3
2023-09-03,29.7,21.0,0.0,3
2023-09-04,31.1,21.7,0.0,3
2023-09-05,31.8,21.5,3.2,61
2023-09-06,22.4,20.5,3.4,51
2023-09-07,22.7,18.7,2.4,53
2023-09-08,27.3,18.7,0.0,3
2023-09-09,30.9,20.3,0.0,3
2023-09-10,26.0,20.9,0.0,3
2023-09-11,26.4,20.3,0.0,3
2023-09-12,30.7,20.1,0.0,0
2023-09-13,31.7,21.1,0.0,0
2023-09-14,33.6,20.0,3.9,61
2023-09-15,21.0,18.9,8.0,63
2023-09-16,24.7,17.8,0.0,1
2023-09-17,30.9,20.4,0.0,0
2023-09-18,31.6,20.8,0.0,0
2023-09-19,30.0,20.1,0.0,0
2023-09-20,25.9,19.4,0.2,51
2023-09-21,28.4,20.3,0.0,3
2023-09-22,31.6,21.3,0.0,2
2023-09-23,26.9,21.5,0.0,3
2023-09-24,32.9,21.3,0.0,3
2023-09-25,27.9,23.0,0.9,51
2023-09-26,29.7,22.5,0.3,51
2023-09-27,38.5,23.1,1.3,53
2023-09-28,24.4,21.2,9.2,61
2023-09-29,23.5,19.8,0.5,51
2023-09-30,26.6,20.6,0.0,3
2023-10-01,25.1,20.9,11.3,63
2023-10-02,23.0,21.0,3.1,61
2023-10-03,24.3,20.4,0.4,51
2023-10-04,29.4,20.4,0.1,51
2023-10-05,29.7,22.9,0.0,3
2023-10-06,27.1,22.6,0.0,3
2023-10-07,35.7,23.7,1.1,53
2023-10-08,30.6,23.2,0.2,51
2023-10-09,29.8,22.4,3.3,53
2023-10-10,24.9,21.6,3.7,55
2023-10-11,27.6,20.5,0.0,1
2023-10-12,33.6,22.7,0.0,3
2023-10-13,25.4,21.1,7.3,55
2023-10-14,21.5,20.0,15.8,63
2023-10-15,25.3,19.8,0.5,51
2023-10-16,28.9,20.4,0.0,3
2023-10-17,30.8,23.3,1.6,53
2023-10-18,24.8,21.9,3.8,53
2023-10-19,22.8,21.0,0.9,51
2023-10-20,23.1,19.8,1.8,55
2023-10-21,23.8,20.4,0.1,51
2023-10-22,24.5,20.0,0.1,51
2023-10-23,27.7,19.0,0.0,3
2023-10-24,31.6,20.5,2.3,61
2023-10-25,24.7,21.1,3.6,53
2023-10-26,24.3,19.7,0.3,51
2023-10-27,24.9,21.5,1.4,51
2023-10-28,31.6,22.4,0.0,3
2023-10-29,34.6,23.4,9.0,63
2023-10-30,31.2,23.6,2.2,61
2023-10-31,30.4,24.4,1.8,53
2023-11-01,25.9,22.2,8.2,61
2023-11-02,25.1,21.5,1.4,51
2023-11-03,30.2,21.8,0.2,51
2023-11-04,26.7,22.5,0.1,51
2023-11-05,24.9,20.5,0.8,51
2023-11-06,23.9,18.8,0.2,51
2023-11-07,24.8,20.4,0.0,3
2023-11-08,28.1,18.8,0.0,0
2023-11-09,34.8,19.7,0.0,3
2023-11-10,28.1,23.0,0.0,3
2023-11-11,29.3,22.3,0.0,3
2023-11-12,35.1,25.9,0.0,3
2023-11-13,32.2,25.3,0.0,3
2023-11-14,34.6,24.4,0.0,3
2023-11-15,30.3,24.5,0.5,51
2023-11-16,36.4,25.0,0.0,3
2023-11-17,34.3,26.1,0.0,3
2023-11-18,40.0,27.2,0.1,51
2023-11-19,30.6,24.4,8.7,61
2023-11-20,25.9,22.6,7.8,61
2023-11-21,29.0,22.1,0.7,53
2023-11-22,33.0,23.9,0.4,51
2023-11-23,31.7,24.4,1.5,51
2023-11-24,24.9,22.9,8.9,61
2023-11-25,25.2,20.6,0.0,3
2023-11-26,26.3,20.4,0.1,51
2023-11-27,28.7,21.4,0.6,51
2023-11-28,30.1,22.4,2.6,55
2023-11-29,28.1,23.8,7.9,61
2023-11-30,29.9,24.7,0.2,51
2023-12-01,28.2,23.7,0.1,51
2023-12-02,29.0,23.2,0.0,3
2023-12-03,31.2,23.7,0.0,3
2023-12-04,29.3,24.5,1.3,53
2023-12-05,28.3,24.4,3.1,53
2023-12-06,31.7,24.5,0.1,51
2023-12-07,38.9,25.8,0.4,51
2023-12-08,31.0,24.2,15.6,63
2023-12-09,24.5,22.3,16.7,63
2023-12-10,25.2,21.4,0.4,51
2023-12-11,26.3,22.3,13.2,63
2023-12-12,25.7,22.2,3.5,53
2023-12-13,26.3,20.9,0.0,3
2023-12-14,29.4,22.0,0.0,3
2023-12-15,31.1,22.9,0.0,1
2023-12-16,31.2,23.0,0.0,3
2023-12-17,30.9,22.7,0.0,2
2023-12-18,29.2,22.4,0.0,2
2023-12-19,28.1,22.1,0.2,51
2023-12-20,26.8,21.2,0.9,51
2023-12-21,29.3,22.2,0.0,3
2023-12-22,31.5,23.6,0.0,3
2023-12-23,30.0,24.1,0.0,3
2023-12-24,33.8,23.9,10.9,63
2023-12-25,33.5,25.0,5.6,63
2023-12-26,34.0,23.1,12.6,63
2023-12-27,27.4,23.2,2.7,61
2023-12-28,28.3,21.9,0.0,1
2023-12-29,36.7,23.1,0.0,3
2023-12-30,29.8,24.1,2.0,51
2023-12-31,27.1,23.3,1.1,53
2024-01-01,26.7,22.3,1.5,53
2024-01-02,28.2,23.1,0.9,51
2024-01-03,28.6,23.1,13.0,63
2024-01-04,27.6,23.4,11.8,61
2024-01-05,27.0,23.2,2.7,53
2024-01-06,27.1,23.1,1.3,53
2024-01-07,28.3,21.9,0.0,3
2024-01-08,33.0,23.6,0.0,3
2024-01-09,33.1,25.7,0.1,51
2024-01-10,32.5,24.9,0.1,51
2024-01-11,36.4,25.5,3.2,63
2024-01-12,33.1,25.6,10.1,63
2024-01-13,27.4,24.5,12.9,61
2024-01-14,27.9,23.6,7.7,61
2024-01-15,34.5,24.3,0.0,2
2024-01-16,36.2,26.3,0.3,51
2024-01-17,37.1,27.3,0.3,51
2024-01-18,30.8,26.5,0.7,51
2024-01-19,31.5,26.4,2.6,61
2024-01-20,33.4,25.3,8.8,63
2024-01-21,28.8,24.1,18.7,63
2024-01-22,27.1,23.6,6.2,55
2024-01-23,25.1,19.7,21.4,63
2024-01-24,24.1,19.6,12.8,63
2024-01-25,26.3,22.6,8.8,61
2024-01-26,25.4,22.6,17.5,63
2024-01-27,26.6,22.8,2.6,53
2024-01-28,27.7,23.0,16.8,63
2024-01-29,28.0,22.9,0.0,3
2024-01-30,30.7,23.9,0.1,51
2024-01-31,30.3,24.5,1.3,53
2024-02-01,28.9,23.9,1.7,53
2024-02-02,27.0,24.0,4.8,63
2024-02-03,28.8,23.4,0.0,3
2024-02-04,30.2,24.7,5.2,63
2024-02-05,30.1,24.3,0.0,3
2024-02-06,29.4,24.5,0.0,3
2024-02-07,29.6,24.5,0.0,3
2024-02-08,30.0,24.7,0.9,51
2024-02-09,30.9,24.2,0.0,3
2024-02-10,32.7,23.9,2.1,55
2024-02-11,33.3,24.3,0.6,51
2024-02-12,35.9,26.3,0.0,3
2024-02-13,37.7,25.9,0.0,3
2024-02-14,30.6,25.0,2.2,53
2024-02-15,26.4,23.9,9.7,61
2024-02-16,27.4,23.4,1.4,51
2024-02-17,27.9,24.1,1.1,53
2024-02-18,29.3,24.0,0.4,51
2024-02-19,29.0,23.8,3.2,61
2024-02-20,28.5,23.6,6.9,61
2024-02-21,28.8,23.9,19.6,63
2024-02-22,31.7,23.9,0.1,51
2024-02-23,32.4,25.9,0.0,3
2024-02-24,34.5,26.5,0.2,51
2024-02-25,30.4,25.7,0.5,51
2024-02-26,28.8,25.0,3.3,53
2024-02-27,29.7,24.4,0.1,51
2024-02-28,34.1,25.8,0.0,3
2024-02-29,30.7,25.8,0.7,51
2024-03-01,30.2,24.7,3.2,53
2024-03-02,28.0,23.1,0.5,51
2024-03-03,29.9,22.8,0.0,0
2024-03-04,32.4,22.3,0.0,0
2024-03-05,33.5,24.2,15.1,63
2024-03-06,27.7,24.3,27.1,63
2024-03-07,27.9,24.3,3.5,53
2024-03-08,27.6,24.7,0.7,51
2024-03-09,30.3,24.7,0.7,51
2024-03-10,30.7,25.0,4.4,61
2024-03-11,27.9,23.9,3.5,53
2024-03-12,26.9,22.5,0.7,51
2024-03-13,27.4,23.1,0.1,51
2024-03-14,29.7,22.3,0.0,3
2024-03-15,32.3,22.8,0.0,3
2024-03-16,34.8,24.0,0.0,3
2024-03-17,37.4,25.8,0.0,3
2024-03-18,30.7,25.9,0.5,53
2024-03-19,31.0,24.7,4.4,61
2024-03-20,32.5,25.2,0.8,51
2024-03-21,37.7,26.1,0.3,51
2024-03-22,29.8,24.1,136.9,65
2024-03-23,26.2,22.5,5.4,61
2024-03-24,24.9,22.9,20.9,63
2024-03-25,27.2,23.4,0.9,51
2024-03-26,26.2,23.2,1.8,51
2024-03-27,25.5,22.7,6.2,55
2024-03-28,24.9,22.7,10.0,61
2024-03-29,28.1,22.9,3.1,61
2024-03-30,27.6,23.6,1.3,51
2024-03-31,26.8,23.0,1.6,51
2024-04-01,27.3,21.7,0.0,3
2024-04-02,29.1,21.6,0.0,3
2024-04-03,27.7,22.3,0.0,3
2024-04-04,28.9,22.7,0.0,1
2024-04-05,27.8,22.2,0.0,1
2024-04-06,26.9,22.2,0.7,51
2024-04-07,26.4,22.0,1.6,51
2024-04-08,28.5,22.2,0.0,3
2024-04-09,29.4,23.7,0.0,3
2024-04-10,29.2,22.5,0.0,1
2024-04-11,28.4,23.0,1.2,53
2024-04-12,27.0,22.3,1.3,53
2024-04-13,28.8,22.6,0.0,2
2024-04-14,28.8,22.5,0.0,3
2024-04-15,29.5,22.9,0.0,3
2024-04-16,31.0,22.7,0.2,51
2024-04-17,31.0,22.7,0.0,3
2024-04-18,25.7,22.1,5.1,61
2024-04-19,24.9,20.5,0.3,51
2024-04-20,25.1,19.3,0.0,3
2024-04-21,25.9,20.3,0.0,3
2024-04-22,28.1,19.8,0.0,0
2024-04-23,31.4,20.6,0.0,3
2024-04-24,33.0,21.7,0.0,3
2024-04-25,26.0,23.2,0.8,51
2024-04-26,27.3,22.7,1.6,51
2024-04-27,29.5,21.5,0.0,0
2024-04-28,35.3,24.1,0.0,0
2024-04-29,28.5,22.9,0.0,3
2024-04-30,30.4,22.7,0.0,3
2024-05-01,32.9,23.5,0.0,1
2024-05-02,34.9,23.9,0.0,0
2024-05-03,31.1,23.4,0.0,0
2024-05-04,29.6,22.7,0.0,3
2024-05-05,29.9,22.1,0.0,3
2024-05-06,29.2,20.9,0.0,2
2024-05-07,31.1,22.0,0.0,2
2024-05-08,31.6,22.1,0.0,1
2024-05-09,33.6,23.3,0.0,3
2024-05-10,28.5,22.9,0.0,3
2024-05-11,33.1,21.6,0.0,3
2024-05-12,34.4,24.1,0.0,3
2024-05-13,35.7,24.4,0.0,3
2024-05-14,27.2,23.0,2.6,53
2024-05-15,24.2,22.0,2.9,53
2024-05-16,27.8,22.0,0.1,51
2024-05-17,34.0,22.9,0.0,1
2024-05-18,28.0,23.4,0.0,1
2024-05-19,27.2,22.5,0.3,51
2024-05-20,31.2,21.6,0.2,51
2024-05-21,24.5,22.6,2.9,53
2024-05-22,27.4,21.1,0.0,3
2024-05-23,29.5,20.6,0.0,3
2024-05-24,32.3,21.3,0.0,3
2024-05-25,25.6,21.5,2.2,53
2024-05-26,21.3,20.0,25.9,63
2024-05-27,22.9,18.7,0.4,51
2024-05-28,28.7,20.7,0.0,2
2024-05-29,22.4,20.9,0.5,51
2024-05-30,22.9,18.4,0.0,3
2024-05-31,22.2,18.5,0.9,51
2024-06-01,24.6,18.2,0.0,3
2024-06-02,26.4,18.4,0.0,3
2024-06-03,28.4,19.2,0.0,2
2024-06-04,23.0,20.2,3.1,61
2024-06-05,22.8,20.1,2.8,53
2024-06-06,26.2,18.7,0.0,3
2024-06-07,27.0,19.3,0.0,2
2024-06-08,26.4,19.3,0.0,0
2024-06-09,26.9,19.2,0.0,3
2024-06-10,29.1,20.1,0.0,3
2024-06-11,30.0,20.9,0.0,1
2024-06-12,27.8,19.5,0.0,0
2024-06-13,28.6,18.2,0.0,0
2024-06-14,30.0,19.6,0.0,1
2024-06-15,30.8,19.8,0.0,3
2024-06-16,30.3,20.1,0.0,3
2024-06-17,31.0,20.4,0.0,2
2024-06-18,30.4,20.8,0.0,3
2024-06-19,30.7,20.5,0.0,0
2024-06-20,30.6,20.2,0.0,0
2024-06-21,28.3,19.3,0.0,3
2024-06-22,29.5,20.0,0.0,3
2024-06-23,31.5,21.2,0.0,1
2024-06-24,32.1,22.5,0.0,0
2024-06-25,26.6,22.5,0.5,51
2024-06-26,29.0,20.7,0.0,3
2024-06-27,25.9,22.3,1.1,53
2024-06-28,30.9,20.8,0.0,3
2024-06-29,26.8,21.1,2.6,61
2024-06-30,20.8,18.7,9.2,61
2024-07-01,21.2,18.0,2.7,61
2024-07-02,23.8,18.3,0.0,2
2024-07-03,28.4,18.7,0.0,3
2024-07-04,29.7,20.7,0.0,0
2024-07-05,28.7,20.2,0.0,1
2024-07-06,23.6,20.4,0.4,51
2024-07-07,25.0,19.1,0.0,3
2024-07-08,23.4,20.7,0.5,51
2024-07-09,22.5,19.7,3.0,61
2024-07-10,27.7,17.9,0.0,3
2024-07-11,23.6,20.4,0.0,3
2024-07-12,23.7,20.7,8.8,63
2024-07-13,22.6,20.2,1.9,51
2024-07-14,26.4,19.4,1.4,51
2024-07-15,22.9,19.8,0.9,51
2024-07-16,23.3,18.4,0.0,3
2024-07-17,24.2,18.7,0.3,51
2024-07-18,24.6,17.1,0.0,3
2024-07-19,22.3,17.7,0.0,1
2024-07-20,22.5,16.7,0.0,0
2024-07-21,22.9,16.4,0.0,3
2024-07-22,25.0,16.2,0.0,3
2024-07-23,23.1,17.3,0.0,3
2024-07-24,25.3,17.0,0.0,3
2024-07-25,27.4,17.6,0.0,1
2024-07-26,29.0,18.7,0.0,3
2024-07-27,27.6,19.0,0.0,3
2024-07-28,32.0,19.1,0.0,3
2024-07-29,24.3,19.6,0.0,3
2024-07-30,21.5,18.5,27.6,63
2024-07-31,23.5,18.5,1.3,51
2024-08-01,25.3,18.5,0.0,3
2024-08-02,25.3,18.3,0.0,0
2024-08-03,25.5,17.3,0.0,2
2024-08-04,28.4,19.1,0.0,1
2024-08-05,29.1,18.8,0.0,0
2024-08-06,29.5,20.0,0.0,0
2024-08-07,32.3,20.0,0.0,0
2024-08-08,33.4,20.9,0.0,0
2024-08-09,26.4,20.7,2.4,61
2024-08-10,20.9,16.7,35.5,63
2024-08-11,21.1,14.9,0.0,3
2024-08-12,23.6,15.6,0.0,3
2024-08-13,19.3,16.6,0.6,51
2024-08-14,22.0,15.2,0.0,3
2024-08-15,24.4,16.2,0.0,3
2024-08-16,27.7,18.0,0.0,2
2024-08-17,29.0,18.2,0.0,1
2024-08-18,28.4,17.8,0.0,0
2024-08-19,28.9,18.9,0.0,0
2024-08-20,28.9,20.2,0.0,3
2024-08-21,25.5,18.5,0.0,3
2024-08-22,30.1,18.6,0.0,3
2024-08-23,34.4,21.2,0.0,0
2024-08-24,27.1,20.8,4.0,63
2024-08-25,21.1,17.6,9.4,63
2024-08-26,18.5,15.7,22.3,63
2024-08-27,20.2,15.6,0.0,2
2024-08-28,22.7,15.9,0.0,2
2024-08-29,24.6,17.1,0.0,2
2024-08-30,28.0,17.2,0.0,0
2024-08-31,25.3,18.0,0.0,3
2024-09-01,28.3,18.3,0.0,3
2024-09-02,24.7,21.0,0.6,51
2024-09-03,24.7,20.1,0.1,51
2024-09-04,27.0,18.5,0.0,2
2024-09-05,29.2,18.9,0.0,3
2024-09-06,23.4,21.1,1.9,53
2024-09-07,26.7,20.1,0.0,3
2024-09-08,29.4,20.9,0.0,0
2024-09-09,29.8,20.3,0.0,0
2024-09-10,31.2,19.9,0.0,3
2024-09-11,35.3,21.5,0.0,3
2024-09-12,34.4,22.6,0.0,1
2024-09-13,31.3,23.3,0.0,3
2024-09-14,34.3,22.4,0.0,3
2024-09-15,24.8,22.0,1.7,51
2024-09-16,26.8,21.4,0.7,51
2024-09-17,22.2,20.4,2.7,55
2024-09-18,25.1,18.8,0.3,51
2024-09-19,27.4,18.6,0.0,2
2024-09-20,30.7,20.1,0.0,1
2024-09-21,29.6,20.9,0.0,3
2024-09-22,28.3,21.8,0.2,51
2024-09-23,29.9,20.9,0.0,0
2024-09-24,29.2,20.8,0.0,0
2024-09-25,31.5,21.1,0.0,0
2024-09-26,33.9,22.0,0.0,0
2024-09-27,29.4,22.2,4.1,61
2024-09-28,23.8,21.7,2.0,51
2024-09-29,26.4,20.4,0.0,3
2024-09-30,29.6,19.4,0.0,0
2024-10-01,35.2,20.9,0.0,0
2024-10-02,37.2,22.7,0.0,2
2024-10-03,26.3,22.4,1.6,51
2024-10-04,22.3,19.7,23.8,63
2024-10-05,23.7,19.1,3.3,55
2024-10-06,24.1,17.8,0.0,2
2024-10-07,24.6,17.6,0.0,3
2024-10-08,25.3,18.5,0.0,3
2024-10-09,24.7,19.7,4.7,55
2024-10-10,24.6,21.0,2.2,53
2024-10-11,30.4,20.8,0.6,53
2024-10-12,32.8,21.9,0.6,51
2024-10-13,24.9,21.0,2.1,53
2024-10-14,24.5,20.1,0.4,51
2024-10-15,25.8,19.6,0.0,3
2024-10-16,27.7,18.6,0.0,3
2024-10-17,25.5,20.4,0.1,51
2024-10-18,24.9,20.1,0.4,51
2024-10-19,22.1,19.6,15.8,63
2024-10-20,22.2,19.6,32.8,63
2024-10-21,25.2,19.9,1.7,51
2024-10-22,28.4,20.8,0.0,3
2024-10-23,29.0,23.1,0.0,3
2024-10-24,30.6,22.7,0.3,51
2024-10-25,33.0,25.2,0.1,51
2024-10-26,34.5,23.0,1.5,53
2024-10-27,23.9,21.4,3.4,53
2024-10-28,24.1,20.6,1.0,51
2024-10-29,25.3,20.6,0.4,51
2024-10-30,25.1,20.5,0.6,51
2024-10-31,24.6,19.9,0.6,51
2024-11-01,25.8,19.9,0.0,3
2024-11-02,27.4,21.0,0.0,3
2024-11-03,27.4,21.7,0.3,51
2024-11-04,28.5,22.8,1.6,53
2024-11-05,29.0,22.5,1.3,51
2024-11-06,30.4,22.8,0.0,3
2024-11-07,32.0,23.4,0.1,51
2024-11-08,29.3,21.9,20.1,63
2024-11-09,23.5,21.1,10.2,61
2024-11-10,24.0,19.9,1.0,51
2024-11-11,26.8,19.7,0.0,3
2024-11-12,34.7,20.4,0.3,51
2024-11-13,22.8,19.9,11.7,61
2024-11-14,23.4,19.8,0.4,51
2024-11-15,25.8,20.8,5.3,61
2024-11-16,23.7,20.9,44.6,63
2024-11-17,26.6,20.4,0.2,51
2024-11-18,28.7,20.7,0.0,3
2024-11-19,25.6,21.7,0.0,3
2024-11-20,27.2,21.5,0.0,3
2024-11-21,25.9,22.3,5.4,53
2024-11-22,24.4,21.6,3.0,53
2024-11-23,23.7,20.2,7.6,61
2024-11-24,23.6,19.0,1.1,51
2024-11-25,25.8,18.7,0.0,3
2024-11-26,32.6,19.1,0.0,3
2024-11-27,36.5,22.9,0.0,3
2024-11-28,38.3,24.4,0.2,51
2024-11-29,27.2,23.9,1.4,51
2024-11-30,28.2,22.5,1.5,55
2024-12-01,27.0,22.4,1.3,53
2024-12-02,35.5,22.9,0.0,3
2024-12-03,28.2,22.9,19.4,63
2024-12-04,23.1,21.8,37.1,63
2024-12-05,25.2,21.8,8.7,61
2024-12-06,31.0,22.8,0.0,3
2024-12-07,36.5,24.4,0.0,3
2024-12-08,28.6,23.8,0.2,51
2024-12-09,29.9,23.6,0.7,51
2024-12-10,31.9,22.7,29.8,65
2024-12-11,25.3,21.2,3.0,51
2024-12-12,25.8,19.8,0.4,51
2024-12-13,27.9,21.9,0.0,3
2024-12-14,30.6,22.4,1.2,53
2024-12-15,31.0,22.7,4.4,55
2024-12-16,33.9,23.0,5.5,61
2024-12-17,26.9,22.4,0.5,51
2024-12-18,25.7,21.9,0.7,51
2024-12-19,26.9,21.7,0.0,3
2024-12-20,35.3,22.8,11.7,65
2024-12-21,31.0,23.1,4.0,61
2024-12-22,28.6,23.6,4.0,61
2024-12-23,26.0,23.1,3.0,53
2024-12-24,26.5,22.2,3.4,53
2024-12-25,30.7,22.6,0.0,3
2024-12-26,33.9,25.3,5.5,55
2024-12-27,31.1,23.1,8.8,61
2024-12-28,28.3,23.1,2.5,53
2024-12-29,27.7,22.4,1.8,53
2024-12-30,27.2,22.6,6.1,61
2024-12-31,27.8,21.4,0.0,3
